{"AUC": 0.8753144390407513, "Accuracy": 0.8026905829596412}